{
    "accuracy": 0.7732952516958229,
    "precision": 0.5855018587360595,
    "recall": 0.7692307692307693,
    "roc_auc": 0.8469713378896022,
    "threshold": 0.47
}